Position,Name + ID,Name,ID,Roster Position,Salary,Game Info,TeamAbbrev,AvgPointsPerGame
RB,Todd Gurley II (11586826),Todd Gurley II,11586826,RB/FLEX,9400,SEA@LAR 11/11/2018 04:25PM ET,LAR,30.33
RB,Melvin Gordon III (11586728),Melvin Gordon III,11586728,RB/FLEX,9000,LAC@OAK 11/11/2018 04:05PM ET,LAC,27.69
RB,Alvin Kamara (11586973),Alvin Kamara,11586973,RB/FLEX,8700,NO@CIN 11/11/2018 01:00PM ET,NO,28.46
RB,Saquon Barkley (11587117),Saquon Barkley,11587117,RB/FLEX,8600,NYG@SF 11/12/2018 08:15PM ET,NYG,26.2
RB,Kareem Hunt (11586945),Kareem Hunt,11586945,RB/FLEX,8500,ARI@KC 11/11/2018 01:00PM ET,KC,22.72
WR,Julio Jones (11586454),Julio Jones,11586454,WR/FLEX,8300,ATL@CLE 11/11/2018 01:00PM ET,ATL,21.8
WR,Michael Thomas (11586781),Michael Thomas,11586781,WR/FLEX,8100,NO@CIN 11/11/2018 01:00PM ET,NO,24.38
WR,Odell Beckham Jr. (11586657),Odell Beckham Jr.,11586657,WR/FLEX,7900,NYG@SF 11/12/2018 08:15PM ET,NYG,21.57
WR,Davante Adams (11586760),Davante Adams,11586760,WR/FLEX,7800,MIA@GB 11/11/2018 04:25PM ET,GB,22.75
RB,Joe Mixon (11587008),Joe Mixon,11587008,RB/FLEX,7700,NO@CIN 11/11/2018 01:00PM ET,CIN,19.07
WR,A.J. Green (11586460),A.J. Green,11586460,WR/FLEX,7600,NO@CIN 11/11/2018 01:00PM ET,CIN,19.34
WR,Tyler Boyd (11586921),Tyler Boyd,11586921,WR/FLEX,7500,NO@CIN 11/11/2018 01:00PM ET,CIN,18.79
RB,Ezekiel Elliott (11586887),Ezekiel Elliott,11586887,RB/FLEX,7500,DAL@PHI 11/11/2018 08:20PM ET,DAL,18.95
WR,Tyreek Hill (11587034),Tyreek Hill,11587034,WR/FLEX,7300,ARI@KC 11/11/2018 01:00PM ET,KC,20.61
RB,James White (11586615),James White,11586615,RB/FLEX,7300,NE@TEN 11/11/2018 01:00PM ET,NE,21.96
QB,Patrick Mahomes (11587084),Patrick Mahomes,11587084,QB,7200,ARI@KC 11/11/2018 01:00PM ET,KC,30.53
WR,Keenan Allen (11586623),Keenan Allen,11586623,WR/FLEX,7100,LAC@OAK 11/11/2018 04:05PM ET,LAC,16.05
TE,Travis Kelce (11586448),Travis Kelce,11586448,TE/FLEX,7000,ARI@KC 11/11/2018 01:00PM ET,KC,18.9
WR,Mike Evans (11586684),Mike Evans,11586684,WR/FLEX,7000,WAS@TB 11/11/2018 01:00PM ET,TB,20.08
RB,David Johnson (11586590),David Johnson,11586590,RB/FLEX,6800,ARI@KC 11/11/2018 01:00PM ET,ARI,14.76
WR,Julian Edelman (11586395),Julian Edelman,11586395,WR/FLEX,6800,NE@TEN 11/11/2018 01:00PM ET,NE,16.90
WR,Brandin Cooks (11586748),Brandin Cooks,11586748,WR/FLEX,6700,SEA@LAR 11/11/2018 04:25PM ET,LAR,16.32
WR,Robert Woods (11586613),Robert Woods,11586613,WR/FLEX,6600,SEA@LAR 11/11/2018 04:25PM ET,LAR,17.97
QB,Aaron Rodgers (11586322),Aaron Rodgers,11586322,QB,6400,MIA@GB 11/11/2018 04:25PM ET,GB,22.26
WR,Cooper Kupp (11586855),Cooper Kupp,11586855,WR/FLEX,6400,SEA@LAR 11/11/2018 04:25PM ET,LAR,18.46
QB,Drew Brees (11586313),Drew Brees,11586313,QB,6300,NO@CIN 11/11/2018 01:00PM ET,NO,24.26
RB,Leonard Fournette (11587020),Leonard Fournette,11587020,RB/FLEX,6300,JAX@IND 11/11/2018 01:00PM ET,JAX,6.5
TE,Zach Ertz (11586525),Zach Ertz,11586525,TE/FLEX,6300,DAL@PHI 11/11/2018 08:20PM ET,PHI,19.05
QB,Matt Ryan (11586328),Matt Ryan,11586328,QB,6200,ATL@CLE 11/11/2018 01:00PM ET,ATL,27.14
WR,Jarvis Landry (11586659),Jarvis Landry,11586659,WR/FLEX,6200,ATL@CLE 11/11/2018 01:00PM ET,CLE,14.76
QB,Jared Goff (11586875),Jared Goff,11586875,QB,6100,SEA@LAR 11/11/2018 04:25PM ET,LAR,23.95
RB,Marlon Mack (11587088),Marlon Mack,11587088,RB/FLEX,6000,JAX@IND 11/11/2018 01:00PM ET,IND,20.42
QB,Tom Brady (11586312),Tom Brady,11586312,QB,6000,NE@TEN 11/11/2018 01:00PM ET,NE,20.28
WR,Josh Gordon (11586532),Josh Gordon,11586532,WR/FLEX,6000,NE@TEN 11/11/2018 01:00PM ET,NE,12.61
QB,Philip Rivers (11586343),Philip Rivers,11586343,QB,6000,LAC@OAK 11/11/2018 04:05PM ET,LAC,21.92
WR,Calvin Ridley (11587119),Calvin Ridley,11587119,WR/FLEX,5900,ATL@CLE 11/11/2018 01:00PM ET,ATL,15.78
TE,George Kittle (11586895),George Kittle,11586895,TE/FLEX,5900,NYG@SF 11/12/2018 08:15PM ET,SF,15.13
QB,Ryan Fitzpatrick (11586319),Ryan Fitzpatrick,11586319,QB,5900,WAS@TB 11/11/2018 01:00PM ET,TB,26.67
QB,Andy Dalton (11586375),Andy Dalton,11586375,QB,5800,NO@CIN 11/11/2018 01:00PM ET,CIN,19.27
WR,T.Y. Hilton (11586496),T.Y. Hilton,11586496,WR/FLEX,5700,JAX@IND 11/11/2018 01:00PM ET,IND,14.72
RB,Adrian Peterson (11586355),Adrian Peterson,11586355,RB/FLEX,5700,WAS@TB 11/11/2018 01:00PM ET,WAS,15.39
QB,Carson Wentz (11586764),Carson Wentz,11586764,QB,5700,DAL@PHI 11/11/2018 08:20PM ET,PHI,22.64
QB,Russell Wilson (11586433),Russell Wilson,11586433,QB,5700,SEA@LAR 11/11/2018 04:25PM ET,SEA,18.68
RB,T.J. Yeldon (11586775),T.J. Yeldon,11586775,RB/FLEX,5600,JAX@IND 11/11/2018 01:00PM ET,JAX,16.75
QB,Mitchell Trubisky (11586886),Mitchell Trubisky,11586886,QB,5600,DET@CHI 11/11/2018 01:00PM ET,CHI,23.02
TE,Rob Gronkowski (11586404),Rob Gronkowski,11586404,TE/FLEX,5600,NE@TEN 11/11/2018 01:00PM ET,NE,11.69
WR,Alshon Jeffery (11586534),Alshon Jeffery,11586534,WR/FLEX,5600,DAL@PHI 11/11/2018 08:20PM ET,PHI,18.02
RB,Nick Chubb (11587030),Nick Chubb,11587030,RB/FLEX,5500,ATL@CLE 11/11/2018 01:00PM ET,CLE,7.98
QB,Andrew Luck (11586474),Andrew Luck,11586474,QB,5500,JAX@IND 11/11/2018 01:00PM ET,IND,24.10
WR,Marvin Jones Jr. (11586475),Marvin Jones Jr.,11586475,WR/FLEX,5500,DET@CHI 11/11/2018 01:00PM ET,DET,13.79
RB,Tarik Cohen (11586986),Tarik Cohen,11586986,RB/FLEX,5500,DET@CHI 11/11/2018 01:00PM ET,CHI,15.06
RB,Tevin Coleman (11586838),Tevin Coleman,11586838,RB/FLEX,5400,ATL@CLE 11/11/2018 01:00PM ET,ATL,14.91
QB,Baker Mayfield (11586951),Baker Mayfield,11586951,QB,5400,ATL@CLE 11/11/2018 01:00PM ET,CLE,16.83
WR,Larry Fitzgerald (11586341),Larry Fitzgerald,11586341,WR/FLEX,5400,ARI@KC 11/11/2018 01:00PM ET,ARI,10.84
WR,Sammy Watkins (11586698),Sammy Watkins,11586698,WR/FLEX,5400,ARI@KC 11/11/2018 01:00PM ET,KC,13.3
RB,Chris Thompson (11586549),Chris Thompson,11586549,RB/FLEX,5400,WAS@TB 11/11/2018 01:00PM ET,WAS,13.24
WR,Mohamed Sanu (11586506),Mohamed Sanu,11586506,WR/FLEX,5300,ATL@CLE 11/11/2018 01:00PM ET,ATL,10.94
RB,Sony Michel (11587032),Sony Michel,11587032,RB/FLEX,5300,NE@TEN 11/11/2018 01:00PM ET,NE,13.05
QB,Alex Smith (11586331),Alex Smith,11586331,QB,5300,WAS@TB 11/11/2018 01:00PM ET,WAS,15.95
TE,O.J. Howard (11586893),O.J. Howard,11586893,TE/FLEX,5300,WAS@TB 11/11/2018 01:00PM ET,TB,13.15
QB,Nick Mullens (11586952),Nick Mullens,11586952,QB,5200,NYG@SF 11/12/2018 08:15PM ET,SF,22.18
WR,Golden Tate (11586427),Golden Tate,11586427,WR/FLEX,5200,DAL@PHI 11/11/2018 08:20PM ET,PHI,17.7
WR,Doug Baldwin (11586423),Doug Baldwin,11586423,WR/FLEX,5200,SEA@LAR 11/11/2018 04:25PM ET,SEA,6.93
RB,Kenyan Drake (11586824),Kenyan Drake,11586824,RB/FLEX,5100,MIA@GB 11/11/2018 04:25PM ET,MIA,13.02
WR,Kenny Golladay (11586851),Kenny Golladay,11586851,WR/FLEX,5100,DET@CHI 11/11/2018 01:00PM ET,DET,13.39
QB,Ryan Tannehill (11586403),Ryan Tannehill,11586403,QB,5000,MIA@GB 11/11/2018 04:25PM ET,MIA,14.40
RB,Aaron Jones (11586913),Aaron Jones,11586913,RB/FLEX,5000,MIA@GB 11/11/2018 04:25PM ET,GB,9.83
WR,Marquez Valdes-Scantling (11586919),Marquez Valdes-Scantling,11586919,WR/FLEX,5000,MIA@GB 11/11/2018 04:25PM ET,GB,8.85
QB,Matthew Stafford (11586376),Matthew Stafford,11586376,QB,5000,DET@CHI 11/11/2018 01:00PM ET,DET,18.17
WR,Allen Robinson II (11586758),Allen Robinson II,11586758,WR/FLEX,5000,DET@CHI 11/11/2018 01:00PM ET,CHI,10.92
WR,Marquise Goodwin (11586538),Marquise Goodwin,11586538,WR/FLEX,5000,NYG@SF 11/12/2018 08:15PM ET,SF,9.7
QB,C.J. Beathard (11586812),C.J. Beathard,11586812,QB,5000,NYG@SF 11/12/2018 08:15PM ET,SF,14.66
RB,Matt Breida (11586965),Matt Breida,11586965,RB/FLEX,5000,NYG@SF 11/12/2018 08:15PM ET,SF,10.49
QB,Jameis Winston (11586807),Jameis Winston,11586807,QB,5000,WAS@TB 11/11/2018 01:00PM ET,TB,20.78
WR,Amari Cooper (11586772),Amari Cooper,11586772,WR/FLEX,5000,DAL@PHI 11/11/2018 08:20PM ET,DAL,11.39
WR,Randall Cobb (11586491),Randall Cobb,11586491,WR/FLEX,4900,MIA@GB 11/11/2018 04:25PM ET,GB,11.96
QB,Blake Bortles (11586650),Blake Bortles,11586650,QB,4900,JAX@IND 11/11/2018 01:00PM ET,JAX,18.87
WR,Taylor Gabriel (11586980),Taylor Gabriel,11586980,WR/FLEX,4900,DET@CHI 11/11/2018 01:00PM ET,CHI,12.65
WR,Christian Kirk (11587090),Christian Kirk,11587090,WR/FLEX,4900,ARI@KC 11/11/2018 01:00PM ET,ARI,10.65
WR,Sterling Shepard (11586803),Sterling Shepard,11586803,WR/FLEX,4900,NYG@SF 11/12/2018 08:15PM ET,NYG,13.9
WR,DeSean Jackson (11586370),DeSean Jackson,11586370,WR/FLEX,4900,WAS@TB 11/11/2018 01:00PM ET,TB,16.44
QB,Dak Prescott (11586670),Dak Prescott,11586670,QB,4900,DAL@PHI 11/11/2018 08:20PM ET,DAL,17.01
QB,Josh Rosen (11587099),Josh Rosen,11587099,QB,4800,ARI@KC 11/11/2018 01:00PM ET,ARI,10.28
WR,Tyler Lockett (11586710),Tyler Lockett,11586710,WR/FLEX,4800,SEA@LAR 11/11/2018 04:25PM ET,SEA,13.59
RB,Jalen Richard (11586817),Jalen Richard,11586817,RB/FLEX,4800,LAC@OAK 11/11/2018 04:05PM ET,OAK,10.35
RB,Duke Johnson Jr. (11586808),Duke Johnson Jr.,11586808,RB/FLEX,4700,ATL@CLE 11/11/2018 01:00PM ET,CLE,9.4
WR,Donte Moncrief (11586737),Donte Moncrief,11586737,WR/FLEX,4700,JAX@IND 11/11/2018 01:00PM ET,JAX,10.11
WR,Dede Westbrook (11587094),Dede Westbrook,11587094,WR/FLEX,4700,JAX@IND 11/11/2018 01:00PM ET,JAX,12.24
RB,Jordan Howard (11586971),Jordan Howard,11586971,RB/FLEX,4700,DET@CHI 11/11/2018 01:00PM ET,CHI,11.58
RB,Kerryon Johnson (11587113),Kerryon Johnson,11587113,RB/FLEX,4700,DET@CHI 11/11/2018 01:00PM ET,DET,12.85
QB,Marcus Mariota (11586747),Marcus Mariota,11586747,QB,4700,NE@TEN 11/11/2018 01:00PM ET,TEN,14.36
QB,Eli Manning (11586340),Eli Manning,11586340,QB,4700,NYG@SF 11/12/2018 08:15PM ET,NYG,16.75
TE,Jared Cook (11586365),Jared Cook,11586365,TE/FLEX,4700,LAC@OAK 11/11/2018 04:05PM ET,OAK,13.92
QB,Derek Carr (11586511),Derek Carr,11586511,QB,4700,LAC@OAK 11/11/2018 04:05PM ET,OAK,17.38
WR,Tre'Quan Smith (11587078),Tre'Quan Smith,11587078,WR/FLEX,4600,NO@CIN 11/11/2018 01:00PM ET,NO,6.8
TE,Jimmy Graham (11586359),Jimmy Graham,11586359,TE/FLEX,4600,MIA@GB 11/11/2018 04:25PM ET,GB,11.19
QB,Brock Osweiler (11586514),Brock Osweiler,11586514,QB,4600,MIA@GB 11/11/2018 04:25PM ET,MIA,13.89
RB,Dion Lewis (11586509),Dion Lewis,11586509,RB/FLEX,4600,NE@TEN 11/11/2018 01:00PM ET,TEN,12.98
RB,Chris Carson (11587115),Chris Carson,11587115,RB/FLEX,4600,SEA@LAR 11/11/2018 04:25PM ET,SEA,12.24
RB,Mark Ingram (11586452),Mark Ingram,11586452,RB/FLEX,4500,NO@CIN 11/11/2018 01:00PM ET,NO,10.82
RB,Giovani Bernard (11586584),Giovani Bernard,11586584,RB/FLEX,4500,NO@CIN 11/11/2018 01:00PM ET,CIN,13.82
QB,Teddy Bridgewater (11586672),Teddy Bridgewater,11586672,QB,4500,NO@CIN 11/11/2018 01:00PM ET,NO,-0.15
QB,Tyrod Taylor (11586422),Tyrod Taylor,11586422,QB,4500,ATL@CLE 11/11/2018 01:00PM ET,CLE,10.86
WR,Danny Amendola (11586349),Danny Amendola,11586349,WR/FLEX,4500,MIA@GB 11/11/2018 04:25PM ET,MIA,9.95
QB,Cody Kessler (11586671),Cody Kessler,11586671,QB,4500,JAX@IND 11/11/2018 01:00PM ET,JAX,10.04
QB,Jacoby Brissett (11586736),Jacoby Brissett,11586736,QB,4500,JAX@IND 11/11/2018 01:00PM ET,IND,-0.2
WR,Keelan Cole (11586998),Keelan Cole,11586998,WR/FLEX,4500,JAX@IND 11/11/2018 01:00PM ET,JAX,9.19
QB,Mike Glennon (11586486),Mike Glennon,11586486,QB,4500,ARI@KC 11/11/2018 01:00PM ET,ARI,0
QB,Brian Hoyer (11586351),Brian Hoyer,11586351,QB,4500,NE@TEN 11/11/2018 01:00PM ET,NE,-0.25
QB,Blaine Gabbert (11586479),Blaine Gabbert,11586479,QB,4500,NE@TEN 11/11/2018 01:00PM ET,TEN,4.29
WR,Corey Davis (11586889),Corey Davis,11586889,WR/FLEX,4500,NE@TEN 11/11/2018 01:00PM ET,TEN,11.31
QB,Nick Foles (11586442),Nick Foles,11586442,QB,4500,DAL@PHI 11/11/2018 08:20PM ET,PHI,12.87
WR,Tyrell Williams (11586768),Tyrell Williams,11586768,WR/FLEX,4500,LAC@OAK 11/11/2018 04:05PM ET,LAC,13.08
RB,LeSean McCoy (11586416),LeSean McCoy,11586416,RB/FLEX,4500,BUF@NYJ 11/11/2018 01:00PM ET,BUF,8.54
QB,Josh Allen (11587098),Josh Allen,11587098,QB,4500,BUF@NYJ 11/11/2018 01:00PM ET,BUF,11.46
QB,Sam Darnold (11587108),Sam Darnold,11587108,QB,4500,BUF@NYJ 11/11/2018 01:00PM ET,NYJ,13.50
QB,Jeff Driskel (11586677),Jeff Driskel,11586677,QB,4400,NO@CIN 11/11/2018 01:00PM ET,CIN,2.06
QB,Matt Schaub (11586346),Matt Schaub,11586346,QB,4400,ATL@CLE 11/11/2018 01:00PM ET,ATL,0.55
WR,Geronimo Allison (11587014),Geronimo Allison,11587014,WR/FLEX,4400,MIA@GB 11/11/2018 04:25PM ET,GB,12.46
RB,Carlos Hyde (11586580),Carlos Hyde,11586580,RB/FLEX,4400,JAX@IND 11/11/2018 01:00PM ET,JAX,11.17
QB,Matt Cassel (11586315),Matt Cassel,11586315,QB,4400,DET@CHI 11/11/2018 01:00PM ET,DET,-0.54
QB,Colt McCoy (11586374),Colt McCoy,11586374,QB,4400,WAS@TB 11/11/2018 01:00PM ET,WAS,0
TE,Jordan Reed (11586543),Jordan Reed,11586543,TE/FLEX,4400,WAS@TB 11/11/2018 01:00PM ET,WAS,9
QB,Sean Mannion (11586633),Sean Mannion,11586633,QB,4400,SEA@LAR 11/11/2018 04:25PM ET,LAR,0.1
QB,AJ McCarron (11586542),AJ McCarron,11586542,QB,4400,LAC@OAK 11/11/2018 04:05PM ET,OAK,0.32
QB,DeShone Kizer (11587085),DeShone Kizer,11587085,QB,4300,MIA@GB 11/11/2018 04:25PM ET,GB,0.2
TE,Jack Doyle (11586502),Jack Doyle,11586502,TE/FLEX,4300,JAX@IND 11/11/2018 01:00PM ET,IND,11.67
QB,Chase Daniel (11586367),Chase Daniel,11586367,QB,4300,DET@CHI 11/11/2018 01:00PM ET,CHI,-0.17
QB,Chad Henne (11586352),Chad Henne,11586352,QB,4300,ARI@KC 11/11/2018 01:00PM ET,KC,0
WR,Pierre Garcon (11586425),Pierre Garcon,11586425,WR/FLEX,4300,NYG@SF 11/12/2018 08:15PM ET,SF,7.32
WR,Josh Doctson (11586675),Josh Doctson,11586675,WR/FLEX,4300,WAS@TB 11/11/2018 01:00PM ET,WAS,6.29
WR,Cole Beasley (11586470),Cole Beasley,11586470,WR/FLEX,4300,DAL@PHI 11/11/2018 08:20PM ET,DAL,10.95
WR,Nelson Agholor (11586801),Nelson Agholor,11586801,WR/FLEX,4300,DAL@PHI 11/11/2018 08:20PM ET,PHI,11
QB,Brett Hundley (11586661),Brett Hundley,11586661,QB,4300,SEA@LAR 11/11/2018 04:25PM ET,SEA,0
RB,Mike Davis (11586821),Mike Davis,11586821,RB/FLEX,4300,SEA@LAR 11/11/2018 04:25PM ET,SEA,10.8
QB,Geno Smith (11586563),Geno Smith,11586563,QB,4300,LAC@OAK 11/11/2018 04:05PM ET,LAC,0.01
QB,Josh McCown (11586314),Josh McCown,11586314,QB,4300,BUF@NYJ 11/11/2018 01:00PM ET,NYJ,0
QB,Derek Anderson (11586318),Derek Anderson,11586318,QB,4300,BUF@NYJ 11/11/2018 01:00PM ET,BUF,6.25
TE,David Njoku (11587050),David Njoku,11587050,TE/FLEX,4200,ATL@CLE 11/11/2018 01:00PM ET,CLE,9.11
WR,DeVante Parker (11586700),DeVante Parker,11586700,WR/FLEX,4200,MIA@GB 11/11/2018 04:25PM ET,MIA,7.55
QB,Kyle Lauletta (11586977),Kyle Lauletta,11586977,QB,4200,NYG@SF 11/12/2018 08:15PM ET,NYG,0
WR,Jamison Crowder (11586690),Jamison Crowder,11586690,WR/FLEX,4200,WAS@TB 11/11/2018 01:00PM ET,WAS,8.98
QB,Cooper Rush (11586823),Cooper Rush,11586823,QB,4200,DAL@PHI 11/11/2018 08:20PM ET,DAL,0
RB,Malcolm Brown (11586708),Malcolm Brown,11586708,RB/FLEX,4200,SEA@LAR 11/11/2018 04:25PM ET,LAR,3.9
RB,Doug Martin (11586406),Doug Martin,11586406,RB/FLEX,4200,LAC@OAK 11/11/2018 04:05PM ET,OAK,4.02
RB,Isaiah Crowell (11586734),Isaiah Crowell,11586734,RB/FLEX,4200,BUF@NYJ 11/11/2018 01:00PM ET,NYJ,12.18
WR,Kenny Stills (11586574),Kenny Stills,11586574,WR/FLEX,4100,MIA@GB 11/11/2018 04:25PM ET,MIA,9.5
RB,Chase Edmonds (11587054),Chase Edmonds,11587054,RB/FLEX,4100,ARI@KC 11/11/2018 01:00PM ET,ARI,3.18
QB,Taysom Hill (11586529),Taysom Hill,11586529,QB,4000,NO@CIN 11/11/2018 01:00PM ET,NO,2.82
QB,Drew Stanton (11586327),Drew Stanton,11586327,QB,4000,ATL@CLE 11/11/2018 01:00PM ET,CLE,0
WR,Antonio Callaway (11587102),Antonio Callaway,11587102,WR/FLEX,4000,ATL@CLE 11/11/2018 01:00PM ET,CLE,7.49
QB,David Fales (11586560),David Fales,11586560,QB,4000,MIA@GB 11/11/2018 04:25PM ET,MIA,0
QB,Tim Boyle (11586917),Tim Boyle,11586917,QB,4000,MIA@GB 11/11/2018 04:25PM ET,GB,0
QB,Landry Jones (11586447),Landry Jones,11586447,QB,4000,JAX@IND 11/11/2018 01:00PM ET,JAX,0
RB,Spencer Ware (11586564),Spencer Ware,11586564,RB/FLEX,4000,ARI@KC 11/11/2018 01:00PM ET,KC,4.51
WR,Cordarrelle Patterson (11586799),Cordarrelle Patterson,11586799,WR/FLEX,4000,NE@TEN 11/11/2018 01:00PM ET,NE,6.73
QB,Tom Savage (11586557),Tom Savage,11586557,QB,4000,NYG@SF 11/12/2018 08:15PM ET,SF,0
QB,Jimmy Garoppolo (11586610),Jimmy Garoppolo,11586610,QB,4000,NYG@SF 11/12/2018 08:15PM ET,SF,17.01
QB,Alex Tanney (11586767),Alex Tanney,11586767,QB,4000,NYG@SF 11/12/2018 08:15PM ET,NYG,0
QB,Ryan Griffin (11586495),Ryan Griffin,11586495,QB,4000,WAS@TB 11/11/2018 01:00PM ET,TB,0
WR,Chris Godwin (11587060),Chris Godwin,11587060,WR/FLEX,4000,WAS@TB 11/11/2018 01:00PM ET,TB,11.62
RB,Rod Smith (11586600),Rod Smith,11586600,RB/FLEX,4000,DAL@PHI 11/11/2018 08:20PM ET,DAL,0.86
QB,Nate Sudfeld (11586840),Nate Sudfeld,11586840,QB,4000,DAL@PHI 11/11/2018 08:20PM ET,PHI,0
QB,Mike White (11586918),Mike White,11586918,QB,4000,DAL@PHI 11/11/2018 08:20PM ET,DAL,0
RB,Austin Ekeler (11586996),Austin Ekeler,11586996,RB/FLEX,4000,LAC@OAK 11/11/2018 04:05PM ET,LAC,11.78
QB,Matt Barkley (11586508),Matt Barkley,11586508,QB,4000,BUF@NYJ 11/11/2018 01:00PM ET,BUF,0
QB,Nathan Peterman (11586774),Nathan Peterman,11586774,QB,4000,BUF@NYJ 11/11/2018 01:00PM ET,BUF,4.96
WR,John Ross (11586949),John Ross,11586949,WR/FLEX,3900,NO@CIN 11/11/2018 01:00PM ET,CIN,5.32
TE,Trey Burton (11586570),Trey Burton,11586570,TE/FLEX,3900,DET@CHI 11/11/2018 01:00PM ET,CHI,12.41
WR,Chris Hogan (11586655),Chris Hogan,11586655,WR/FLEX,3900,NE@TEN 11/11/2018 01:00PM ET,NE,7.59
WR,Adam Humphries (11586694),Adam Humphries,11586694,WR/FLEX,3900,WAS@TB 11/11/2018 01:00PM ET,TB,10.74
WR,Maurice Harris (11586741),Maurice Harris,11586741,WR/FLEX,3900,WAS@TB 11/11/2018 01:00PM ET,WAS,7.87
RB,John Kelly (11587106),John Kelly,11587106,RB/FLEX,3900,SEA@LAR 11/11/2018 04:25PM ET,LAR,0
WR,David Moore (11587133),David Moore,11587133,WR/FLEX,3900,SEA@LAR 11/11/2018 04:25PM ET,SEA,7.65
RB,Chris Ivory (11586397),Chris Ivory,11586397,RB/FLEX,3900,BUF@NYJ 11/11/2018 01:00PM ET,BUF,6.88
TE,Austin Hooper (11586907),Austin Hooper,11586907,TE/FLEX,3800,ATL@CLE 11/11/2018 01:00PM ET,ATL,10.78
RB,Theo Riddick (11586547),Theo Riddick,11586547,RB/FLEX,3800,DET@CHI 11/11/2018 01:00PM ET,DET,8.4
WR,Anthony Miller (11586953),Anthony Miller,11586953,WR/FLEX,3800,DET@CHI 11/11/2018 01:00PM ET,CHI,8.51
RB,Derrick Henry (11586891),Derrick Henry,11586891,RB/FLEX,3800,NE@TEN 11/11/2018 01:00PM ET,TEN,6.96
WR,Paul Richardson Jr. (11586646),Paul Richardson Jr.,11586646,WR/FLEX,3800,WAS@TB 11/11/2018 01:00PM ET,WAS,8.44
WR,Josh Reynolds (11587026),Josh Reynolds,11587026,WR/FLEX,3800,SEA@LAR 11/11/2018 04:25PM ET,LAR,3.29
WR,Jordy Nelson (11586334),Jordy Nelson,11586334,WR/FLEX,3800,LAC@OAK 11/11/2018 04:05PM ET,OAK,10.41
WR,Mike Williams (11586901),Mike Williams,11586901,WR/FLEX,3800,LAC@OAK 11/11/2018 04:05PM ET,LAC,10.42
WR,Robby Anderson (11586754),Robby Anderson,11586754,WR/FLEX,3800,BUF@NYJ 11/11/2018 01:00PM ET,NYJ,9.22
TE,C.J. Uzomah (11586680),C.J. Uzomah,11586680,TE/FLEX,3700,NO@CIN 11/11/2018 01:00PM ET,CIN,5.92
RB,Ito Smith (11587058),Ito Smith,11587058,RB/FLEX,3700,ATL@CLE 11/11/2018 01:00PM ET,ATL,8.09
WR,Chester Rogers (11586859),Chester Rogers,11586859,WR/FLEX,3700,JAX@IND 11/11/2018 01:00PM ET,IND,8.94
RB,Nyheim Hines (11587111),Nyheim Hines,11587111,RB/FLEX,3700,JAX@IND 11/11/2018 01:00PM ET,IND,11.81
WR,Trent Taylor (11586903),Trent Taylor,11586903,WR/FLEX,3700,NYG@SF 11/12/2018 08:15PM ET,SF,5.4
WR,Michael Gallup (11587127),Michael Gallup,11587127,WR/FLEX,3700,DAL@PHI 11/11/2018 08:20PM ET,DAL,5.39
WR,Quincy Enunwa (11586566),Quincy Enunwa,11586566,WR/FLEX,3700,BUF@NYJ 11/11/2018 01:00PM ET,NYJ,8.96
WR,Ryan Grant (11586515),Ryan Grant,11586515,WR/FLEX,3600,JAX@IND 11/11/2018 01:00PM ET,IND,9.83
WR,D.J. Chark Jr. (11587018),D.J. Chark Jr.,11587018,WR/FLEX,3600,JAX@IND 11/11/2018 01:00PM ET,JAX,3.36
DST,Bears  (11586284),Bears ,11586284,DST,3600,DET@CHI 11/11/2018 01:00PM ET,CHI,12.38
WR,Tajae Sharpe (11586861),Tajae Sharpe,11586861,WR/FLEX,3600,NE@TEN 11/11/2018 01:00PM ET,TEN,6.22
TE,Evan Engram (11586955),Evan Engram,11586955,TE/FLEX,3600,NYG@SF 11/12/2018 08:15PM ET,NYG,8.9
RB,Kapri Bibbs (11586666),Kapri Bibbs,11586666,RB/FLEX,3600,WAS@TB 11/11/2018 01:00PM ET,WAS,6
RB,Mark Walton (11587100),Mark Walton,11587100,RB/FLEX,3500,NO@CIN 11/11/2018 01:00PM ET,CIN,1.92
WR,Rashard Higgins (11586915),Rashard Higgins,11586915,WR/FLEX,3500,ATL@CLE 11/11/2018 01:00PM ET,CLE,8.55
RB,Frank Gore (11586316),Frank Gore,11586316,RB/FLEX,3500,MIA@GB 11/11/2018 04:25PM ET,MIA,7.4
WR,Jakeem Grant (11586712),Jakeem Grant,11586712,WR/FLEX,3500,MIA@GB 11/11/2018 04:25PM ET,MIA,8.03
RB,Jamaal Williams (11586834),Jamaal Williams,11586834,RB/FLEX,3500,MIA@GB 11/11/2018 04:25PM ET,GB,6.55
WR,Equanimeous St. Brown (11587123),Equanimeous St. Brown,11587123,WR/FLEX,3500,MIA@GB 11/11/2018 04:25PM ET,GB,4.26
TE,Eric Ebron (11586722),Eric Ebron,11586722,TE/FLEX,3500,JAX@IND 11/11/2018 01:00PM ET,IND,15.04
RB,Rex Burkhead (11586517),Rex Burkhead,11586517,RB/FLEX,3500,NE@TEN 11/11/2018 01:00PM ET,NE,4.9
RB,Alfred Morris (11586408),Alfred Morris,11586408,RB/FLEX,3500,NYG@SF 11/12/2018 08:15PM ET,SF,5.22
RB,Wayne Gallman Jr. (11586899),Wayne Gallman Jr.,11586899,RB/FLEX,3500,NYG@SF 11/12/2018 08:15PM ET,NYG,2.25
WR,Kendrick Bourne (11586984),Kendrick Bourne,11586984,WR/FLEX,3500,NYG@SF 11/12/2018 08:15PM ET,SF,6.3
RB,Peyton Barber (11586929),Peyton Barber,11586929,RB/FLEX,3500,WAS@TB 11/11/2018 01:00PM ET,TB,7.78
RB,Rashaad Penny (11587086),Rashaad Penny,11587086,RB/FLEX,3500,SEA@LAR 11/11/2018 04:25PM ET,SEA,3.89
DST,Chargers  (11586306),Chargers ,11586306,DST,3500,LAC@OAK 11/11/2018 04:05PM ET,LAC,6.5
WR,Martavis Bryant (11586692),Martavis Bryant,11586692,WR/FLEX,3500,LAC@OAK 11/11/2018 04:05PM ET,OAK,6
WR,Jermaine Kearse (11586466),Jermaine Kearse,11586466,WR/FLEX,3500,BUF@NYJ 11/11/2018 01:00PM ET,NYJ,5.44
TE,Benjamin Watson (11586344),Benjamin Watson,11586344,TE/FLEX,3400,NO@CIN 11/11/2018 01:00PM ET,NO,8.4
WR,Alex Erickson (11586777),Alex Erickson,11586777,WR/FLEX,3400,NO@CIN 11/11/2018 01:00PM ET,CIN,1.65
RB,Jordan Wilkins (11586957),Jordan Wilkins,11586957,RB/FLEX,3400,JAX@IND 11/11/2018 01:00PM ET,IND,4.59
RB,Kenjon Barner (11586464),Kenjon Barner,11586464,RB/FLEX,3400,NE@TEN 11/11/2018 01:00PM ET,NE,1.42
WR,Phillip Dorsett (11586686),Phillip Dorsett,11586686,WR/FLEX,3400,NE@TEN 11/11/2018 01:00PM ET,NE,6.42
WR,Taywan Taylor (11586967),Taywan Taylor,11586967,WR/FLEX,3400,NE@TEN 11/11/2018 01:00PM ET,TEN,5.92
RB,Ronald Jones II (11587109),Ronald Jones II,11587109,RB/FLEX,3400,WAS@TB 11/11/2018 01:00PM ET,TB,4.9
RB,Darren Sproles (11586320),Darren Sproles,11586320,RB/FLEX,3400,DAL@PHI 11/11/2018 08:20PM ET,PHI,7.2
WR,Allen Hurns (11586568),Allen Hurns,11586568,WR/FLEX,3400,DAL@PHI 11/11/2018 08:20PM ET,DAL,5.51
RB,Wendell Smallwood (11586880),Wendell Smallwood,11586880,RB/FLEX,3400,DAL@PHI 11/11/2018 08:20PM ET,PHI,9.25
DST,Jets  (11586301),Jets ,11586301,DST,3400,BUF@NYJ 11/11/2018 01:00PM ET,NYJ,8.11
WR,Kelvin Benjamin (11586716),Kelvin Benjamin,11586716,WR/FLEX,3400,BUF@NYJ 11/11/2018 01:00PM ET,BUF,6.24
RB,Elijah McGuire (11586905),Elijah McGuire,11586905,RB/FLEX,3400,BUF@NYJ 11/11/2018 01:00PM ET,NYJ,9.7
WR,Zach Pascal (11586785),Zach Pascal,11586785,WR/FLEX,3300,JAX@IND 11/11/2018 01:00PM ET,IND,4.22
DST,Chiefs  (11586294),Chiefs ,11586294,DST,3300,ARI@KC 11/11/2018 01:00PM ET,KC,7.56
RB,Jonathan Stewart (11586363),Jonathan Stewart,11586363,RB/FLEX,3300,NYG@SF 11/12/2018 08:15PM ET,NYG,0.57
WR,Dante Pettis (11587074),Dante Pettis,11587074,WR/FLEX,3300,NYG@SF 11/12/2018 08:15PM ET,SF,3.1
RB,Corey Clement (11586923),Corey Clement,11586923,RB/FLEX,3300,DAL@PHI 11/11/2018 08:20PM ET,PHI,9.03
RB,Josh Adams (11587121),Josh Adams,11587121,RB/FLEX,3300,DAL@PHI 11/11/2018 08:20PM ET,PHI,2.05
WR,Brandon LaFell (11586372),Brandon LaFell,11586372,WR/FLEX,3300,LAC@OAK 11/11/2018 04:05PM ET,OAK,4.48
RB,DeAndre Washington (11586714),DeAndre Washington,11586714,RB/FLEX,3300,LAC@OAK 11/11/2018 04:05PM ET,OAK,1.55
RB,Marcus Murphy (11586598),Marcus Murphy,11586598,RB/FLEX,3300,BUF@NYJ 11/11/2018 01:00PM ET,BUF,4.12
WR,Zay Jones (11586943),Zay Jones,11586943,WR/FLEX,3300,BUF@NYJ 11/11/2018 01:00PM ET,BUF,7.21
WR,Damion Ratley (11587092),Damion Ratley,11587092,WR/FLEX,3200,ATL@CLE 11/11/2018 01:00PM ET,CLE,4.37
RB,Kalen Ballage (11587006),Kalen Ballage,11587006,RB/FLEX,3200,MIA@GB 11/11/2018 04:25PM ET,MIA,0.9
RB,Robert Turbin (11586438),Robert Turbin,11586438,RB/FLEX,3200,JAX@IND 11/11/2018 01:00PM ET,IND,0.65
RB,Benny Cunningham (11586519),Benny Cunningham,11586519,RB/FLEX,3200,DET@CHI 11/11/2018 01:00PM ET,CHI,0.34
WR,Chris Conley (11586668),Chris Conley,11586668,WR/FLEX,3200,ARI@KC 11/11/2018 01:00PM ET,KC,4.19
RB,Kyle Juszczyk (11586523),Kyle Juszczyk,11586523,RB/FLEX,3200,NYG@SF 11/12/2018 08:15PM ET,SF,5.92
WR,Bennie Fowler (11586551),Bennie Fowler,11586551,WR/FLEX,3200,NYG@SF 11/12/2018 08:15PM ET,NYG,5.45
WR,Seth Roberts (11586865),Seth Roberts,11586865,WR/FLEX,3200,LAC@OAK 11/11/2018 04:05PM ET,OAK,6.97
DST,Bills  (11586281),Bills ,11586281,DST,3200,BUF@NYJ 11/11/2018 01:00PM ET,BUF,5.89
WR,Cameron Meredith (11586651),Cameron Meredith,11586651,WR/FLEX,3100,NO@CIN 11/11/2018 01:00PM ET,NO,4.23
WR,Marvin Hall (11586739),Marvin Hall,11586739,WR/FLEX,3100,ATL@CLE 11/11/2018 01:00PM ET,ATL,3.34
DST,Packers  (11586291),Packers ,11586291,DST,3100,MIA@GB 11/11/2018 04:25PM ET,GB,7.12
RB,LeGarrette Blount (11586450),LeGarrette Blount,11586450,RB/FLEX,3100,DET@CHI 11/11/2018 01:00PM ET,DET,5.59
WR,Michael Floyd (11586456),Michael Floyd,11586456,WR/FLEX,3100,WAS@TB 11/11/2018 01:00PM ET,WAS,0.6
RB,Jacquizz Rodgers (11586462),Jacquizz Rodgers,11586462,RB/FLEX,3100,WAS@TB 11/11/2018 01:00PM ET,TB,3.05
WR,Deonte Thompson (11586414),Deonte Thompson,11586414,WR/FLEX,3100,DAL@PHI 11/11/2018 08:20PM ET,DAL,3.3
WR,Jordan Matthews (11586611),Jordan Matthews,11586611,WR/FLEX,3100,DAL@PHI 11/11/2018 08:20PM ET,PHI,6
WR,Jaron Brown (11586482),Jaron Brown,11586482,WR/FLEX,3100,SEA@LAR 11/11/2018 04:25PM ET,SEA,4.29
WR,Travis Benjamin (11586487),Travis Benjamin,11586487,WR/FLEX,3100,LAC@OAK 11/11/2018 04:05PM ET,LAC,1.58
WR,Rishard Matthews (11586627),Rishard Matthews,11586627,WR/FLEX,3100,BUF@NYJ 11/11/2018 01:00PM ET,NYJ,0.82
WR,Andre Holmes (11586634),Andre Holmes,11586634,WR/FLEX,3100,BUF@NYJ 11/11/2018 01:00PM ET,BUF,2.72
TE,Chris Herndon (11587048),Chris Herndon,11587048,TE/FLEX,3100,BUF@NYJ 11/11/2018 01:00PM ET,NYJ,6.26
RB,Trenton Cannon (11587139),Trenton Cannon,11587139,RB/FLEX,3100,BUF@NYJ 11/11/2018 01:00PM ET,NYJ,2.46
WR,Auden Tate (11586286),Auden Tate,11586286,WR/FLEX,3000,NO@CIN 11/11/2018 01:00PM ET,CIN,0
WR,Ted Ginn Jr. (11586347),Ted Ginn Jr.,11586347,WR/FLEX,3000,NO@CIN 11/11/2018 01:00PM ET,NO,10.28
RB,Shane Vereen (11586434),Shane Vereen,11586434,RB/FLEX,3000,NO@CIN 11/11/2018 01:00PM ET,NO,0
RB,Zach Line (11586472),Zach Line,11586472,RB/FLEX,3000,NO@CIN 11/11/2018 01:00PM ET,NO,1.41
WR,Austin Carr (11586813),Austin Carr,11586813,WR/FLEX,3000,NO@CIN 11/11/2018 01:00PM ET,NO,1.4
WR,Cody Core (11586828),Cody Core,11586828,WR/FLEX,3000,NO@CIN 11/11/2018 01:00PM ET,CIN,1
RB,Dwayne Washington (11586871),Dwayne Washington,11586871,RB/FLEX,3000,NO@CIN 11/11/2018 01:00PM ET,NO,0.04
WR,Josh Malone (11587004),Josh Malone,11587004,WR/FLEX,3000,NO@CIN 11/11/2018 01:00PM ET,CIN,0.31
WR,Justin Hardy (11586629),Justin Hardy,11586629,WR/FLEX,3000,ATL@CLE 11/11/2018 01:00PM ET,ATL,1.51
RB,Devonta Freeman (11586678),Devonta Freeman,11586678,RB/FLEX,3000,ATL@CLE 11/11/2018 01:00PM ET,ATL,7.05
WR,Breshad Perriman (11586779),Breshad Perriman,11586779,WR/FLEX,3000,ATL@CLE 11/11/2018 01:00PM ET,CLE,2.7
RB,Ricky Ortiz (11586832),Ricky Ortiz,11586832,RB/FLEX,3000,ATL@CLE 11/11/2018 01:00PM ET,ATL,0.34
WR,Da'Mari Scott (11586978),Da'Mari Scott,11586978,WR/FLEX,3000,ATL@CLE 11/11/2018 01:00PM ET,CLE,0
RB,Dontrell Hilliard (11587016),Dontrell Hilliard,11587016,RB/FLEX,3000,ATL@CLE 11/11/2018 01:00PM ET,CLE,0.85
WR,Russell Gage (11587022),Russell Gage,11587022,WR/FLEX,3000,ATL@CLE 11/11/2018 01:00PM ET,ATL,0.27
RB,Brian Hill (11587036),Brian Hill,11587036,RB/FLEX,3000,ATL@CLE 11/11/2018 01:00PM ET,ATL,0
RB,Brandon Bolden (11586489),Brandon Bolden,11586489,RB/FLEX,3000,MIA@GB 11/11/2018 04:25PM ET,MIA,0
RB,Senorise Perry (11586604),Senorise Perry,11586604,RB/FLEX,3000,MIA@GB 11/11/2018 04:25PM ET,MIA,0
WR,Albert Wilson (11586619),Albert Wilson,11586619,WR/FLEX,3000,MIA@GB 11/11/2018 04:25PM ET,MIA,14.25
WR,Jake Kumerow (11586636),Jake Kumerow,11586636,WR/FLEX,3000,MIA@GB 11/11/2018 04:25PM ET,GB,0
RB,Tra Carson (11586745),Tra Carson,11586745,RB/FLEX,3000,MIA@GB 11/11/2018 04:25PM ET,GB,0
WR,Leonte Carroo (11586843),Leonte Carroo,11586843,WR/FLEX,3000,MIA@GB 11/11/2018 04:25PM ET,MIA,0
WR,J'Mon Moore (11586933),J'Mon Moore,11586933,WR/FLEX,3000,MIA@GB 11/11/2018 04:25PM ET,GB,0.5
WR,Dontrelle Inman (11586420),Dontrelle Inman,11586420,WR/FLEX,3000,JAX@IND 11/11/2018 01:00PM ET,IND,5.6
RB,Tommy Bohanon (11586512),Tommy Bohanon,11586512,RB/FLEX,3000,JAX@IND 11/11/2018 01:00PM ET,JAX,0.38
RB,Corey Grant (11586621),Corey Grant,11586621,RB/FLEX,3000,JAX@IND 11/11/2018 01:00PM ET,JAX,3.94
WR,Matt Hazel (11586625),Matt Hazel,11586625,WR/FLEX,3000,JAX@IND 11/11/2018 01:00PM ET,IND,0
WR,Rashad Greene Sr. (11586718),Rashad Greene Sr.,11586718,WR/FLEX,3000,JAX@IND 11/11/2018 01:00PM ET,JAX,1.85
RB,David Williams (11586935),David Williams,11586935,RB/FLEX,3000,JAX@IND 11/11/2018 01:00PM ET,JAX,0.1
WR,Steve Ishmael (11587068),Steve Ishmael,11587068,WR/FLEX,3000,JAX@IND 11/11/2018 01:00PM ET,IND,0
RB,Nick Bellore (11586410),Nick Bellore,11586410,RB/FLEX,3000,DET@CHI 11/11/2018 01:00PM ET,DET,0.06
WR,TJ Jones (11586582),TJ Jones,11586582,WR/FLEX,3000,DET@CHI 11/11/2018 01:00PM ET,DET,1.41
WR,Josh Bellamy (11586602),Josh Bellamy,11586602,WR/FLEX,3000,DET@CHI 11/11/2018 01:00PM ET,CHI,2.44
RB,Michael Burton (11586617),Michael Burton,11586617,RB/FLEX,3000,DET@CHI 11/11/2018 01:00PM ET,CHI,0.4
RB,Ameer Abdullah (11586662),Ameer Abdullah,11586662,RB/FLEX,3000,DET@CHI 11/11/2018 01:00PM ET,DET,0.97
WR,Andy Jones (11586863),Andy Jones,11586863,WR/FLEX,3000,DET@CHI 11/11/2018 01:00PM ET,DET,0
WR,Kevin White (11586882),Kevin White,11586882,WR/FLEX,3000,DET@CHI 11/11/2018 01:00PM ET,CHI,1.43
RB,Taquan Mizzell (11586939),Taquan Mizzell,11586939,RB/FLEX,3000,DET@CHI 11/11/2018 01:00PM ET,CHI,1.5
WR,Brandon Powell (11587002),Brandon Powell,11587002,WR/FLEX,3000,DET@CHI 11/11/2018 01:00PM ET,DET,0
WR,Javon Wims (11587129),Javon Wims,11587129,WR/FLEX,3000,DET@CHI 11/11/2018 01:00PM ET,CHI,0
WR,Kendall Wright (11586304),Kendall Wright,11586304,WR/FLEX,3000,ARI@KC 11/11/2018 01:00PM ET,ARI,0
RB,Anthony Sherman (11586431),Anthony Sherman,11586431,RB/FLEX,3000,ARI@KC 11/11/2018 01:00PM ET,KC,2.06
RB,Derrick Coleman (11586477),Derrick Coleman,11586477,RB/FLEX,3000,ARI@KC 11/11/2018 01:00PM ET,ARI,0.5
WR,J.J. Nelson (11586631),J.J. Nelson,11586631,WR/FLEX,3000,ARI@KC 11/11/2018 01:00PM ET,ARI,0.95
RB,Damien Williams (11586805),Damien Williams,11586805,RB/FLEX,3000,ARI@KC 11/11/2018 01:00PM ET,KC,0.54
WR,Demarcus Robinson (11586873),Demarcus Robinson,11586873,WR/FLEX,3000,ARI@KC 11/11/2018 01:00PM ET,KC,2.01
RB,T.J. Logan (11586884),T.J. Logan,11586884,RB/FLEX,3000,ARI@KC 11/11/2018 01:00PM ET,ARI,0
TE,Ricky Seals-Jones (11586931),Ricky Seals-Jones,11586931,TE/FLEX,3000,ARI@KC 11/11/2018 01:00PM ET,ARI,5.82
WR,Marcus Kemp (11586941),Marcus Kemp,11586941,WR/FLEX,3000,ARI@KC 11/11/2018 01:00PM ET,KC,0.19
WR,Chad Williams (11586992),Chad Williams,11586992,WR/FLEX,3000,ARI@KC 11/11/2018 01:00PM ET,ARI,3.54
RB,Darrel Williams (11587024),Darrel Williams,11587024,RB/FLEX,3000,ARI@KC 11/11/2018 01:00PM ET,KC,0
WR,Trent Sherfield (11587062),Trent Sherfield,11587062,WR/FLEX,3000,ARI@KC 11/11/2018 01:00PM ET,ARI,0
WR,Matthew Slater (11586338),Matthew Slater,11586338,WR/FLEX,3000,NE@TEN 11/11/2018 01:00PM ET,NE,0
RB,James Develin (11586401),James Develin,11586401,RB/FLEX,3000,NE@TEN 11/11/2018 01:00PM ET,NE,1.24
WR,Michael Campanaro (11586521),Michael Campanaro,11586521,WR/FLEX,3000,NE@TEN 11/11/2018 01:00PM ET,TEN,0
RB,Jalston Fowler (11586576),Jalston Fowler,11586576,RB/FLEX,3000,NE@TEN 11/11/2018 01:00PM ET,TEN,0
RB,David Fluellen (11586642),David Fluellen,11586642,RB/FLEX,3000,NE@TEN 11/11/2018 01:00PM ET,TEN,0.03
WR,Darius Jennings (11586724),Darius Jennings,11586724,WR/FLEX,3000,NE@TEN 11/11/2018 01:00PM ET,TEN,1.94
WR,Cody Hollister (11586847),Cody Hollister,11586847,WR/FLEX,3000,NE@TEN 11/11/2018 01:00PM ET,NE,0
WR,Braxton Berrios (11587012),Braxton Berrios,11587012,WR/FLEX,3000,NE@TEN 11/11/2018 01:00PM ET,NE,0
WR,Cameron Batson (11587082),Cameron Batson,11587082,WR/FLEX,3000,NE@TEN 11/11/2018 01:00PM ET,TEN,1.7
WR,Russell Shepard (11586504),Russell Shepard,11586504,WR/FLEX,3000,NYG@SF 11/12/2018 08:15PM ET,NYG,1.68
RB,Elijhaa Penny (11586732),Elijhaa Penny,11586732,RB/FLEX,3000,NYG@SF 11/12/2018 08:15PM ET,NYG,0.03
WR,Cody Latimer (11586756),Cody Latimer,11586756,WR/FLEX,3000,NYG@SF 11/12/2018 08:15PM ET,NYG,4.2
WR,Corey Coleman (11586836),Corey Coleman,11586836,WR/FLEX,3000,NYG@SF 11/12/2018 08:15PM ET,NYG,0
WR,Victor Bolden Jr. (11586959),Victor Bolden Jr.,11586959,WR/FLEX,3000,NYG@SF 11/12/2018 08:15PM ET,SF,0.5
WR,Jawill Davis (11586994),Jawill Davis,11586994,WR/FLEX,3000,NYG@SF 11/12/2018 08:15PM ET,NYG,1.57
WR,Richie James Jr. (11587028),Richie James Jr.,11587028,WR/FLEX,3000,NYG@SF 11/12/2018 08:15PM ET,SF,1.62
WR,Quadree Henderson (11587104),Quadree Henderson,11587104,WR/FLEX,3000,NYG@SF 11/12/2018 08:15PM ET,NYG,0
DST,Redskins  (11586310),Redskins ,11586310,DST,3000,WAS@TB 11/11/2018 01:00PM ET,WAS,7.88
WR,Brian Quick (11586412),Brian Quick,11586412,WR/FLEX,3000,WAS@TB 11/11/2018 01:00PM ET,WAS,0.96
RB,Rob Kelley (11586704),Rob Kelley,11586704,RB/FLEX,3000,WAS@TB 11/11/2018 01:00PM ET,WAS,0.4
RB,Byron Marshall (11586793),Byron Marshall,11586793,RB/FLEX,3000,WAS@TB 11/11/2018 01:00PM ET,WAS,0
WR,Jehu Chesson (11586841),Jehu Chesson,11586841,WR/FLEX,3000,WAS@TB 11/11/2018 01:00PM ET,WAS,0
RB,Samaje Perine (11587010),Samaje Perine,11587010,RB/FLEX,3000,WAS@TB 11/11/2018 01:00PM ET,WAS,2
RB,Shaun Wilson (11587044),Shaun Wilson,11587044,RB/FLEX,3000,WAS@TB 11/11/2018 01:00PM ET,TB,1.28
WR,Justin Watson (11587052),Justin Watson,11587052,WR/FLEX,3000,WAS@TB 11/11/2018 01:00PM ET,TB,0.3
WR,Mike Wallace (11586399),Mike Wallace,11586399,WR/FLEX,3000,DAL@PHI 11/11/2018 08:20PM ET,PHI,0
WR,Terrance Williams (11586468),Terrance Williams,11586468,WR/FLEX,3000,DAL@PHI 11/11/2018 08:20PM ET,DAL,1.27
WR,Tavon Austin (11586561),Tavon Austin,11586561,WR/FLEX,3000,DAL@PHI 11/11/2018 08:20PM ET,DAL,6.25
RB,Jamize Olawale (11586644),Jamize Olawale,11586644,RB/FLEX,3000,DAL@PHI 11/11/2018 08:20PM ET,DAL,0.16
RB,Jay Ajayi (11586664),Jay Ajayi,11586664,RB/FLEX,3000,DAL@PHI 11/11/2018 08:20PM ET,PHI,11.1
WR,DeAndre Carter (11586762),DeAndre Carter,11586762,WR/FLEX,3000,DAL@PHI 11/11/2018 08:20PM ET,PHI,0.59
WR,Mack Hollins (11586857),Mack Hollins,11586857,WR/FLEX,3000,DAL@PHI 11/11/2018 08:20PM ET,PHI,0
WR,Shelton Gibson (11586909),Shelton Gibson,11586909,WR/FLEX,3000,DAL@PHI 11/11/2018 08:20PM ET,PHI,0.72
WR,Noah Brown (11587064),Noah Brown,11587064,WR/FLEX,3000,DAL@PHI 11/11/2018 08:20PM ET,DAL,0
WR,Nick Williams (11586555),Nick Williams,11586555,WR/FLEX,3000,SEA@LAR 11/11/2018 04:25PM ET,LAR,0.92
RB,Tre Madden (11586688),Tre Madden,11586688,RB/FLEX,3000,SEA@LAR 11/11/2018 04:25PM ET,SEA,0.25
RB,J.D. McKissic (11586752),J.D. McKissic,11586752,RB/FLEX,3000,SEA@LAR 11/11/2018 04:25PM ET,SEA,0
WR,JoJo Natson Jr. (11586815),JoJo Natson Jr.,11586815,WR/FLEX,3000,SEA@LAR 11/11/2018 04:25PM ET,LAR,0
RB,C.J. Prosise (11586853),C.J. Prosise,11586853,RB/FLEX,3000,SEA@LAR 11/11/2018 04:25PM ET,SEA,1.3
RB,Justin Davis (11586876),Justin Davis,11586876,RB/FLEX,3000,SEA@LAR 11/11/2018 04:25PM ET,LAR,0
WR,KhaDarel Hodge (11586988),KhaDarel Hodge,11586988,WR/FLEX,3000,SEA@LAR 11/11/2018 04:25PM ET,LAR,0.34
WR,Malik Turner (11587042),Malik Turner,11587042,WR/FLEX,3000,SEA@LAR 11/11/2018 04:25PM ET,SEA,0
RB,Marshawn Lynch (11586357),Marshawn Lynch,11586357,RB/FLEX,3000,LAC@OAK 11/11/2018 04:05PM ET,OAK,13.67
WR,Dwayne Harris (11586381),Dwayne Harris,11586381,WR/FLEX,3000,LAC@OAK 11/11/2018 04:05PM ET,OAK,1.19
WR,Geremy Davis (11586638),Geremy Davis,11586638,WR/FLEX,3000,LAC@OAK 11/11/2018 04:05PM ET,LAC,0
RB,Keith Smith (11586640),Keith Smith,11586640,RB/FLEX,3000,LAC@OAK 11/11/2018 04:05PM ET,OAK,0.78
RB,Derek Watt (11586730),Derek Watt,11586730,RB/FLEX,3000,LAC@OAK 11/11/2018 04:05PM ET,LAC,0.01
WR,Marcell Ateman (11586937),Marcell Ateman,11586937,WR/FLEX,3000,LAC@OAK 11/11/2018 04:05PM ET,OAK,0
WR,Artavis Scott (11587038),Artavis Scott,11587038,WR/FLEX,3000,LAC@OAK 11/11/2018 04:05PM ET,LAC,0
RB,Justin Jackson (11587046),Justin Jackson,11587046,RB/FLEX,3000,LAC@OAK 11/11/2018 04:05PM ET,LAC,0.92
RB,Detrez Newsome (11587056),Detrez Newsome,11587056,RB/FLEX,3000,LAC@OAK 11/11/2018 04:05PM ET,LAC,0
WR,Isaiah McKenzie (11586282),Isaiah McKenzie,11586282,WR/FLEX,3000,BUF@NYJ 11/11/2018 01:00PM ET,BUF,0
WR,Andre Roberts (11586385),Andre Roberts,11586385,WR/FLEX,3000,BUF@NYJ 11/11/2018 01:00PM ET,NYJ,1.3
RB,Patrick DiMarco (11586445),Patrick DiMarco,11586445,RB/FLEX,3000,BUF@NYJ 11/11/2018 01:00PM ET,BUF,0.49
WR,Terrelle Pryor (11586458),Terrelle Pryor,11586458,WR/FLEX,3000,BUF@NYJ 11/11/2018 01:00PM ET,BUF,7.59
WR,Charone Peake (11586696),Charone Peake,11586696,WR/FLEX,3000,BUF@NYJ 11/11/2018 01:00PM ET,NYJ,0.4
WR,ArDarius Stewart (11586975),ArDarius Stewart,11586975,WR/FLEX,3000,BUF@NYJ 11/11/2018 01:00PM ET,NYJ,0
WR,Cam Phillips (11587070),Cam Phillips,11587070,WR/FLEX,3000,BUF@NYJ 11/11/2018 01:00PM ET,BUF,0.95
WR,Ray-Ray McCloud III (11587096),Ray-Ray McCloud III,11587096,WR/FLEX,3000,BUF@NYJ 11/11/2018 01:00PM ET,BUF,0.97
WR,Deontay Burnett (11587125),Deontay Burnett,11587125,WR/FLEX,3000,BUF@NYJ 11/11/2018 01:00PM ET,NYJ,4
DST,Jaguars  (11586311),Jaguars ,11586311,DST,2900,JAX@IND 11/11/2018 01:00PM ET,JAX,6
DST,Eagles  (11586302),Eagles ,11586302,DST,2900,DAL@PHI 11/11/2018 08:20PM ET,PHI,5.88
TE,Ed Dickson (11586361),Ed Dickson,11586361,TE/FLEX,2900,SEA@LAR 11/11/2018 04:25PM ET,SEA,6.7
DST,Colts  (11586293),Colts ,11586293,DST,2800,JAX@IND 11/11/2018 01:00PM ET,IND,6.75
DST,49ers  (11586307),49ers ,11586307,DST,2800,NYG@SF 11/12/2018 08:15PM ET,SF,4.56
TE,Vernon Davis (11586325),Vernon Davis,11586325,TE/FLEX,2800,WAS@TB 11/11/2018 01:00PM ET,WAS,5.52
DST,Patriots  (11586298),Patriots ,11586298,DST,2700,NE@TEN 11/11/2018 01:00PM ET,NE,8.22
TE,Geoff Swaim (11586878),Geoff Swaim,11586878,TE/FLEX,2700,DAL@PHI 11/11/2018 08:20PM ET,DAL,6.5
TE,Nick Vannett (11586726),Nick Vannett,11586726,TE/FLEX,2700,SEA@LAR 11/11/2018 04:25PM ET,SEA,6.11
TE,Charles Clay (11586429),Charles Clay,11586429,TE/FLEX,2700,BUF@NYJ 11/11/2018 01:00PM ET,BUF,3.88
TE,Josh Hill (11586498),Josh Hill,11586498,TE/FLEX,2600,NO@CIN 11/11/2018 01:00PM ET,NO,3.68
TE,Seth DeValve (11586770),Seth DeValve,11586770,TE/FLEX,2600,ATL@CLE 11/11/2018 01:00PM ET,CLE,2.4
TE,Nick O'Leary (11586720),Nick O'Leary,11586720,TE/FLEX,2600,MIA@GB 11/11/2018 04:25PM ET,MIA,3.84
TE,Mike Gesicki (11587066),Mike Gesicki,11587066,TE/FLEX,2600,MIA@GB 11/11/2018 04:25PM ET,MIA,3.4
DST,Lions  (11586290),Lions ,11586290,DST,2600,DET@CHI 11/11/2018 01:00PM ET,DET,5.62
TE,Jermaine Gresham (11586389),Jermaine Gresham,11586389,TE/FLEX,2600,ARI@KC 11/11/2018 01:00PM ET,ARI,1.97
TE,Cameron Brate (11586594),Cameron Brate,11586594,TE/FLEX,2600,WAS@TB 11/11/2018 01:00PM ET,TB,5.49
TE,Dallas Goedert (11587000),Dallas Goedert,11587000,TE/FLEX,2600,DAL@PHI 11/11/2018 08:20PM ET,PHI,6.85
TE,Gerald Everett (11587080),Gerald Everett,11587080,TE/FLEX,2600,SEA@LAR 11/11/2018 04:25PM ET,LAR,3.29
TE,Antonio Gates (11586336),Antonio Gates,11586336,TE/FLEX,2600,LAC@OAK 11/11/2018 04:05PM ET,LAC,4.04
TE,Logan Thomas (11586540),Logan Thomas,11586540,TE/FLEX,2600,BUF@NYJ 11/11/2018 01:00PM ET,BUF,2.44
TE,Clark Harris (11586329),Clark Harris,11586329,TE/FLEX,2500,NO@CIN 11/11/2018 01:00PM ET,CIN,0
TE,Matt Lengel (11586536),Matt Lengel,11586536,TE/FLEX,2500,NO@CIN 11/11/2018 01:00PM ET,CIN,0.47
TE,Tyler Eifert (11586545),Tyler Eifert,11586545,TE/FLEX,2500,NO@CIN 11/11/2018 01:00PM ET,CIN,9.72
TE,Tyler Kroft (11586673),Tyler Kroft,11586673,TE/FLEX,2500,NO@CIN 11/11/2018 01:00PM ET,CIN,1.52
TE,Jordan Franks (11587076),Jordan Franks,11587076,TE/FLEX,2500,NO@CIN 11/11/2018 01:00PM ET,CIN,4.2
TE,Dan Arnold (11587137),Dan Arnold,11587137,TE/FLEX,2500,NO@CIN 11/11/2018 01:00PM ET,NO,1.38
DST,Falcons  (11586280),Falcons ,11586280,DST,2500,ATL@CLE 11/11/2018 01:00PM ET,ATL,3.12
TE,Darren Fells (11586353),Darren Fells,11586353,TE/FLEX,2500,ATL@CLE 11/11/2018 01:00PM ET,CLE,2.33
TE,Logan Paulsen (11586368),Logan Paulsen,11586368,TE/FLEX,2500,ATL@CLE 11/11/2018 01:00PM ET,ATL,1.6
TE,Orson Charles (11586558),Orson Charles,11586558,TE/FLEX,2500,ATL@CLE 11/11/2018 01:00PM ET,CLE,0.2
TE,Pharaoh Brown (11586791),Pharaoh Brown,11586791,TE/FLEX,2500,ATL@CLE 11/11/2018 01:00PM ET,CLE,0
TE,Eric Saubert (11586830),Eric Saubert,11586830,TE/FLEX,2500,ATL@CLE 11/11/2018 01:00PM ET,ATL,0.45
TE,Marcedes Lewis (11586323),Marcedes Lewis,11586323,TE/FLEX,2500,MIA@GB 11/11/2018 04:25PM ET,GB,0.19
TE,Lance Kendricks (11586387),Lance Kendricks,11586387,TE/FLEX,2500,MIA@GB 11/11/2018 04:25PM ET,GB,2.46
TE,A.J. Derby (11586578),A.J. Derby,11586578,TE/FLEX,2500,MIA@GB 11/11/2018 04:25PM ET,MIA,3.83
TE,Robert Tonyan (11586787),Robert Tonyan,11586787,TE/FLEX,2500,MIA@GB 11/11/2018 04:25PM ET,GB,0
TE,Durham Smythe (11586963),Durham Smythe,11586963,TE/FLEX,2500,MIA@GB 11/11/2018 04:25PM ET,MIA,0
TE,Niles Paul (11586443),Niles Paul,11586443,TE/FLEX,2500,JAX@IND 11/11/2018 01:00PM ET,JAX,3.25
TE,Ryan Hewitt (11586527),Ryan Hewitt,11586527,TE/FLEX,2500,JAX@IND 11/11/2018 01:00PM ET,IND,0
TE,Blake Bell (11586572),Blake Bell,11586572,TE/FLEX,2500,JAX@IND 11/11/2018 01:00PM ET,JAX,1.15
TE,Erik Swoope (11586586),Erik Swoope,11586586,TE/FLEX,2500,JAX@IND 11/11/2018 01:00PM ET,IND,6.66
TE,James O'Shaughnessy (11586588),James O'Shaughnessy,11586588,TE/FLEX,2500,JAX@IND 11/11/2018 01:00PM ET,JAX,3.18
TE,Austin Seferian-Jenkins (11586682),Austin Seferian-Jenkins,11586682,TE/FLEX,2500,JAX@IND 11/11/2018 01:00PM ET,JAX,5.2
TE,David Grinnage (11586810),David Grinnage,11586810,TE/FLEX,2500,JAX@IND 11/11/2018 01:00PM ET,JAX,4.03
TE,Mo Alie-Cox (11586869),Mo Alie-Cox,11586869,TE/FLEX,2500,JAX@IND 11/11/2018 01:00PM ET,IND,4.6
TE,Patrick Scales (11586436),Patrick Scales,11586436,TE/FLEX,2500,DET@CHI 11/11/2018 01:00PM ET,CHI,0
TE,Luke Willson (11586493),Luke Willson,11586493,TE/FLEX,2500,DET@CHI 11/11/2018 01:00PM ET,DET,2.31
TE,Levine Toilolo (11586530),Levine Toilolo,11586530,TE/FLEX,2500,DET@CHI 11/11/2018 01:00PM ET,DET,0.89
TE,Dion Sims (11586553),Dion Sims,11586553,TE/FLEX,2500,DET@CHI 11/11/2018 01:00PM ET,CHI,0.36
TE,Daniel Brown (11586648),Daniel Brown,11586648,TE/FLEX,2500,DET@CHI 11/11/2018 01:00PM ET,CHI,0
TE,Ben Braunecker (11586789),Ben Braunecker,11586789,TE/FLEX,2500,DET@CHI 11/11/2018 01:00PM ET,CHI,0
TE,Michael Roberts (11586961),Michael Roberts,11586961,TE/FLEX,2500,DET@CHI 11/11/2018 01:00PM ET,DET,6.1
TE,Adam Shaheen (11587131),Adam Shaheen,11587131,TE/FLEX,2500,DET@CHI 11/11/2018 01:00PM ET,CHI,0
TE,John Phillips (11586379),John Phillips,11586379,TE/FLEX,2500,ARI@KC 11/11/2018 01:00PM ET,ARI,0
TE,James Winchester (11586500),James Winchester,11586500,TE/FLEX,2500,ARI@KC 11/11/2018 01:00PM ET,KC,0
TE,Demetrius Harris (11586702),Demetrius Harris,11586702,TE/FLEX,2500,ARI@KC 11/11/2018 01:00PM ET,KC,3.3
TE,Deon Yelder (11586969),Deon Yelder,11586969,TE/FLEX,2500,ARI@KC 11/11/2018 01:00PM ET,KC,0
TE,Delanie Walker (11586332),Delanie Walker,11586332,TE/FLEX,2500,NE@TEN 11/11/2018 01:00PM ET,TEN,9.2
TE,Luke Stocker (11586393),Luke Stocker,11586393,TE/FLEX,2500,NE@TEN 11/11/2018 01:00PM ET,TEN,2.74
TE,Beau Brinkley (11586480),Beau Brinkley,11586480,TE/FLEX,2500,NE@TEN 11/11/2018 01:00PM ET,TEN,0
TE,Dwayne Allen (11586484),Dwayne Allen,11586484,TE/FLEX,2500,NE@TEN 11/11/2018 01:00PM ET,NE,0.41
TE,MyCole Pruitt (11586592),MyCole Pruitt,11586592,TE/FLEX,2500,NE@TEN 11/11/2018 01:00PM ET,TEN,0
TE,Jacob Hollister (11586849),Jacob Hollister,11586849,TE/FLEX,2500,NE@TEN 11/11/2018 01:00PM ET,NE,2.17
TE,Jonnu Smith (11586925),Jonnu Smith,11586925,TE/FLEX,2500,NE@TEN 11/11/2018 01:00PM ET,TEN,2.59
TE,Anthony Firkser (11586990),Anthony Firkser,11586990,TE/FLEX,2500,NE@TEN 11/11/2018 01:00PM ET,TEN,1.12
DST,Giants  (11586300),Giants ,11586300,DST,2500,NYG@SF 11/12/2018 08:15PM ET,NYG,3
TE,Kyle Nelson (11586383),Kyle Nelson,11586383,TE/FLEX,2500,NYG@SF 11/12/2018 08:15PM ET,SF,0
TE,Rhett Ellison (11586418),Rhett Ellison,11586418,TE/FLEX,2500,NYG@SF 11/12/2018 08:15PM ET,NYG,4.67
TE,Garrett Celek (11586440),Garrett Celek,11586440,TE/FLEX,2500,NYG@SF 11/12/2018 08:15PM ET,SF,1.32
TE,Scott Simonson (11586653),Scott Simonson,11586653,TE/FLEX,2500,NYG@SF 11/12/2018 08:15PM ET,NYG,0.64
TE,Ross Dwelley (11586982),Ross Dwelley,11586982,TE/FLEX,2500,NYG@SF 11/12/2018 08:15PM ET,SF,0.45
TE,Alan Cross (11586765),Alan Cross,11586765,TE/FLEX,2500,WAS@TB 11/11/2018 01:00PM ET,TB,0.2
TE,Jeremy Sprinkle (11586819),Jeremy Sprinkle,11586819,TE/FLEX,2500,WAS@TB 11/11/2018 01:00PM ET,WAS,0
TE,Antony Auclair (11587135),Antony Auclair,11587135,TE/FLEX,2500,WAS@TB 11/11/2018 01:00PM ET,TB,0.98
TE,Richard Rodgers (11586743),Richard Rodgers,11586743,TE/FLEX,2500,DAL@PHI 11/11/2018 08:20PM ET,PHI,0
TE,Joshua Perkins (11586750),Joshua Perkins,11586750,TE/FLEX,2500,DAL@PHI 11/11/2018 08:20PM ET,PHI,1.46
TE,Rico Gathers (11586845),Rico Gathers,11586845,TE/FLEX,2500,DAL@PHI 11/11/2018 08:20PM ET,DAL,0.94
TE,Blake Jarwin (11586867),Blake Jarwin,11586867,TE/FLEX,2500,DAL@PHI 11/11/2018 08:20PM ET,DAL,1.02
TE,Dalton Schultz (11587040),Dalton Schultz,11587040,TE/FLEX,2500,DAL@PHI 11/11/2018 08:20PM ET,DAL,0.73
TE,Tyler Ott (11586596),Tyler Ott,11586596,TE/FLEX,2500,SEA@LAR 11/11/2018 04:25PM ET,SEA,0
TE,Tyler Higbee (11586706),Tyler Higbee,11586706,TE/FLEX,2500,SEA@LAR 11/11/2018 04:25PM ET,LAR,2.78
TE,Johnny Mundt (11586911),Johnny Mundt,11586911,TE/FLEX,2500,SEA@LAR 11/11/2018 04:25PM ET,LAR,0
TE,Darrell Daniels (11586947),Darrell Daniels,11586947,TE/FLEX,2500,SEA@LAR 11/11/2018 04:25PM ET,SEA,0
TE,Will Dissly (11587072),Will Dissly,11587072,TE/FLEX,2500,SEA@LAR 11/11/2018 04:25PM ET,SEA,9.65
TE,Virgil Green (11586377),Virgil Green,11586377,TE/FLEX,2500,LAC@OAK 11/11/2018 04:05PM ET,LAC,3.78
TE,Lee Smith (11586391),Lee Smith,11586391,TE/FLEX,2500,LAC@OAK 11/11/2018 04:05PM ET,OAK,0.66
TE,Derek Carrier (11586783),Derek Carrier,11586783,TE/FLEX,2500,LAC@OAK 11/11/2018 04:05PM ET,OAK,0.91
TE,Sean Culkin (11586795),Sean Culkin,11586795,TE/FLEX,2500,LAC@OAK 11/11/2018 04:05PM ET,LAC,0
TE,Hunter Henry (11586927),Hunter Henry,11586927,TE/FLEX,2500,LAC@OAK 11/11/2018 04:05PM ET,LAC,0
TE,Eric Tomlinson (11586606),Eric Tomlinson,11586606,TE/FLEX,2500,BUF@NYJ 11/11/2018 01:00PM ET,NYJ,1.46
TE,Neal Sterling (11586608),Neal Sterling,11586608,TE/FLEX,2500,BUF@NYJ 11/11/2018 01:00PM ET,NYJ,2.14
TE,Jason Croom (11586797),Jason Croom,11586797,TE/FLEX,2500,BUF@NYJ 11/11/2018 01:00PM ET,BUF,3.46
TE,Jordan Leggett (11586897),Jordan Leggett,11586897,TE/FLEX,2500,BUF@NYJ 11/11/2018 01:00PM ET,NYJ,1.74
DST,Rams  (11586296),Rams ,11586296,DST,2400,SEA@LAR 11/11/2018 04:25PM ET,LAR,9.22
DST,Browns  (11586288),Browns ,11586288,DST,2300,ATL@CLE 11/11/2018 01:00PM ET,CLE,7.11
DST,Saints  (11586299),Saints ,11586299,DST,2200,NO@CIN 11/11/2018 01:00PM ET,NO,4.12
DST,Cowboys  (11586289),Cowboys ,11586289,DST,2200,DAL@PHI 11/11/2018 08:20PM ET,DAL,6.12
DST,Bengals  (11586285),Bengals ,11586285,DST,2100,NO@CIN 11/11/2018 01:00PM ET,CIN,7.62
DST,Dolphins  (11586297),Dolphins ,11586297,DST,2100,MIA@GB 11/11/2018 04:25PM ET,MIA,8.33
DST,Titans  (11586292),Titans ,11586292,DST,2100,NE@TEN 11/11/2018 01:00PM ET,TEN,7.25
DST,Cardinals  (11586303),Cardinals ,11586303,DST,2000,ARI@KC 11/11/2018 01:00PM ET,ARI,8.12
DST,Buccaneers  (11586309),Buccaneers ,11586309,DST,2000,WAS@TB 11/11/2018 01:00PM ET,TB,2.75
DST,Seahawks  (11586308),Seahawks ,11586308,DST,2000,SEA@LAR 11/11/2018 04:25PM ET,SEA,8.38
DST,Raiders  (11586295),Raiders ,11586295,DST,2000,LAC@OAK 11/11/2018 04:05PM ET,OAK,2
